LOCAL,ANO,LINHAGEM,ENV,GEN,BLOCO,GY
RP IRRIGADO,2018,BRS 264,E1,G1,1,5862.89741668046
RP IRRIGADO,2018,BRS 264,E1,G1,2,4188.82962052414
RP IRRIGADO,2018,BRS 264,E1,G1,3,5997.38466133333
RP IRRIGADO,2018,CD 151,E1,G2,1,4722.54150267586
RP IRRIGADO,2018,CD 151,E1,G2,2,5727.60782822989
RP IRRIGADO,2018,CD 151,E1,G2,3,5468.55896275862
RP IRRIGADO,2018,ORS 1403,E1,G3,1,4500
RP IRRIGADO,2018,ORS 1403,E1,G3,2,4700
RP IRRIGADO,2018,ORS 1403,E1,G3,3,4800
RP IRRIGADO,2018,TBIO ATON,E1,G4,1,4722.54150267586
RP IRRIGADO,2018,TBIO ATON,E1,G4,2,5727.60782822989
RP IRRIGADO,2018,TBIO ATON,E1,G4,3,5468.55896275862
RP IRRIGADO,2018,TBIO DUQUE,E1,G5,1,4500
RP IRRIGADO,2018,TBIO DUQUE,E1,G5,2,4600
RP IRRIGADO,2018,TBIO DUQUE,E1,G5,3,4550
RP IRRIGADO,2018,VI 09004,E1,G6,1,5050.04201371954
RP IRRIGADO,2018,VI 09004,E1,G6,2,5954.5629417931
RP IRRIGADO,2018,VI 09004,E1,G6,3,5829.36575650575
RP IRRIGADO,2018,VI 09007,E1,G7,1,5317.15037756322
RP IRRIGADO,2018,VI 09007,E1,G7,2,5330.9254486069
RP IRRIGADO,2018,VI 09007,E1,G7,3,6175.6852864
RP IRRIGADO,2018,VI 09031,E1,G8,1,5102.31155685517
RP IRRIGADO,2018,VI 09031,E1,G8,2,4866.51713886897
RP IRRIGADO,2018,VI 09031,E1,G8,3,5806.92717546667
RP IRRIGADO,2018,VI 09037,E1,G9,1,4754.5631337931
RP IRRIGADO,2018,VI 09037,E1,G9,2,4645.71933782069
RP IRRIGADO,2018,VI 09037,E1,G9,3,7700.85069484138
RP IRRIGADO,2018,VI 130679,E1,G10,1,4819.47184551724
RP IRRIGADO,2018,VI 130679,E1,G10,2,4495.86134962759
RP IRRIGADO,2018,VI 130679,E1,G10,3,5335.293264
RP IRRIGADO,2018,VI 130755,E1,G11,1,4006.01693848276
RP IRRIGADO,2018,VI 130755,E1,G11,2,4906.05285487816
RP IRRIGADO,2018,VI 130755,E1,G11,3,4146.04396137931
RP IRRIGADO,2018,VI 130758,E1,G12,1,3812.59348509425
RP IRRIGADO,2018,VI 130758,E1,G12,2,4133.332672
RP IRRIGADO,2018,VI 130758,E1,G12,3,4073.02166068966
RP IRRIGADO,2018,VI 131313,E1,G13,1,3932.66107913563
RP IRRIGADO,2018,VI 131313,E1,G13,2,3675.38368058851
RP IRRIGADO,2018,VI 131313,E1,G13,3,5452.25064893793
RP IRRIGADO,2018,VI 14001,E1,G14,1,4176.47058823529
RP IRRIGADO,2018,VI 14001,E1,G14,2,4509.80392156863
RP IRRIGADO,2018,VI 14001,E1,G14,3,4941.17647058824
RP IRRIGADO,2018,VI 14022,E1,G15,1,6210.94784555402
RP IRRIGADO,2018,VI 14022,E1,G15,2,5950.68644928736
RP IRRIGADO,2018,VI 14022,E1,G15,3,7479.79145592644
RP IRRIGADO,2018,VI 14026,E1,G16,1,5753.12055797701
RP IRRIGADO,2018,VI 14026,E1,G16,2,5646.19247051035
RP IRRIGADO,2018,VI 14026,E1,G16,3,6438.13284413793
RP IRRIGADO,2018,VI 14050,E1,G17,1,5707.33378408835
RP IRRIGADO,2018,VI 14050,E1,G17,2,5835.14987604237
RP IRRIGADO,2018,VI 14050,E1,G17,3,4447.99639395988
RP IRRIGADO,2018,VI 14055,E1,G18,1,4908.64097363083
RP IRRIGADO,2018,VI 14055,E1,G18,2,5764.57065584855
RP IRRIGADO,2018,VI 14055,E1,G18,3,5651.47622267298
RP IRRIGADO,2018,VI 14088,E1,G19,1,3470.58823529412
RP IRRIGADO,2018,VI 14088,E1,G19,2,4411.76470588235
RP IRRIGADO,2018,VI 14088,E1,G19,3,3843.13725490196
RP IRRIGADO,2018,VI 14118,E1,G20,1,4710.49808429119
RP IRRIGADO,2018,VI 14118,E1,G20,2,5229.70475546541
RP IRRIGADO,2018,VI 14118,E1,G20,3,5406.66215911652
RP IRRIGADO,2018,VI 14127,E1,G21,1,6128.50574712644
RP IRRIGADO,2018,VI 14127,E1,G21,2,5651.11561866126
RP IRRIGADO,2018,VI 14127,E1,G21,3,6519.72053189092
RP IRRIGADO,2018,VI 14194,E1,G22,1,6567.12643678161
RP IRRIGADO,2018,VI 14194,E1,G22,2,5525.46315077755
RP IRRIGADO,2018,VI 14194,E1,G22,3,6354.861392833
RP IRRIGADO,2018,VI 14197,E1,G23,1,7012.77439711517
RP IRRIGADO,2018,VI 14197,E1,G23,2,6366.70723461798
RP IRRIGADO,2018,VI 14197,E1,G23,3,6040.56795131846
RP IRRIGADO,2018,VI 14204,E1,G24,1,6272.94117647059
RP IRRIGADO,2018,VI 14204,E1,G24,2,6119.04439936894
RP IRRIGADO,2018,VI 14204,E1,G24,3,5196.10547667343
RP IRRIGADO,2018,VI 14208,E1,G25,1,4730.5476673428
RP IRRIGADO,2018,VI 14208,E1,G25,2,5056.53369393735
RP IRRIGADO,2018,VI 14208,E1,G25,3,5303.13274735182
RP IRRIGADO,2018,VI 14214,E1,G26,1,5294.11764705882
RP IRRIGADO,2018,VI 14214,E1,G26,2,4137.25490196078
RP IRRIGADO,2018,VI 14214,E1,G26,3,5568.62745098039
RP IRRIGADO,2018,VI 14239,E1,G27,1,4250
RP IRRIGADO,2018,VI 14239,E1,G27,2,4200
RP IRRIGADO,2018,VI 14239,E1,G27,3,4300
RP IRRIGADO,2018,VI 14327,E1,G28,1,5494.73968897904
RP IRRIGADO,2018,VI 14327,E1,G28,2,5585.61189993239
RP IRRIGADO,2018,VI 14327,E1,G28,3,4957.64705882353
RP IRRIGADO,2018,VI 14426,E1,G29,1,4901.96078431373
RP IRRIGADO,2018,VI 14426,E1,G29,2,4470.58823529412
RP IRRIGADO,2018,VI 14426,E1,G29,3,4705.88235294118
RP IRRIGADO,2018,VI 14668,E1,G30,1,5932.19292314627
RP IRRIGADO,2018,VI 14668,E1,G30,2,4557.77327022763
RP IRRIGADO,2018,VI 14668,E1,G30,3,5578.34572909624
RP IRRIGADO,2018,VI 14708,E1,G31,1,4607.8431372549
RP IRRIGADO,2018,VI 14708,E1,G31,2,4745.09803921569
RP IRRIGADO,2018,VI 14708,E1,G31,3,5450.98039215686
RP IRRIGADO,2018,VI 14774,E1,G32,1,3470.58823529412
RP IRRIGADO,2018,VI 14774,E1,G32,2,4156.86274509804
RP IRRIGADO,2018,VI 14774,E1,G32,3,3450.98039215686
RP IRRIGADO,2018,VI 14867,E1,G33,1,3549.01960784314
RP IRRIGADO,2018,VI 14867,E1,G33,2,3764.70588235294
RP IRRIGADO,2018,VI 14867,E1,G33,3,4176.47058823529
RP IRRIGADO,2018,VI 14881,E1,G34,1,4350
RP IRRIGADO,2018,VI 14881,E1,G34,2,4300
RP IRRIGADO,2018,VI 14881,E1,G34,3,4400
RP IRRIGADO,2018,VI 14950,E1,G35,1,4100
RP IRRIGADO,2018,VI 14950,E1,G35,2,4250
RP IRRIGADO,2018,VI 14950,E1,G35,3,4230
RP IRRIGADO,2018,VI 14980,E1,G36,1,3647.05882352941
RP IRRIGADO,2018,VI 14980,E1,G36,2,4078.43137254902
RP IRRIGADO,2018,VI 14980,E1,G36,3,4274.50980392157
RP IRRIGADO,2019,BRS 264,E2,G1,1,4607.8431372549
RP IRRIGADO,2019,BRS 264,E2,G1,2,4411.76470588235
RP IRRIGADO,2019,BRS 264,E2,G1,3,4745.09803921569
RP IRRIGADO,2019,CD 151,E2,G2,1,3856
RP IRRIGADO,2019,CD 151,E2,G2,2,4121
RP IRRIGADO,2019,CD 151,E2,G2,3,4250
RP IRRIGADO,2019,ORS 1403,E2,G3,1,3205.2
RP IRRIGADO,2019,ORS 1403,E2,G3,2,4109.13333333333
RP IRRIGADO,2019,ORS 1403,E2,G3,3,3688.8
RP IRRIGADO,2019,TBIO ATON,E2,G4,1,4019.60784313726
RP IRRIGADO,2019,TBIO ATON,E2,G4,2,4352.94117647059
RP IRRIGADO,2019,TBIO ATON,E2,G4,3,4431.37254901961
RP IRRIGADO,2019,TBIO DUQUE,E2,G5,1,4200
RP IRRIGADO,2019,TBIO DUQUE,E2,G5,2,4100
RP IRRIGADO,2019,TBIO DUQUE,E2,G5,3,4150
RP IRRIGADO,2019,VI 09004,E2,G6,1,3333.33333333333
RP IRRIGADO,2019,VI 09004,E2,G6,2,4039.21568627451
RP IRRIGADO,2019,VI 09004,E2,G6,3,3294.11764705882
RP IRRIGADO,2019,VI 09007,E2,G7,1,3588.23529411765
RP IRRIGADO,2019,VI 09007,E2,G7,2,4333.33333333333
RP IRRIGADO,2019,VI 09007,E2,G7,3,4764.70588235294
RP IRRIGADO,2019,VI 09031,E2,G8,1,3784.3137254902
RP IRRIGADO,2019,VI 09031,E2,G8,2,3352.94117647059
RP IRRIGADO,2019,VI 09031,E2,G8,3,4921.56862745098
RP IRRIGADO,2019,VI 09037,E2,G9,1,4274.50980392157
RP IRRIGADO,2019,VI 09037,E2,G9,2,4509.80392156863
RP IRRIGADO,2019,VI 09037,E2,G9,3,4313.72549019608
RP IRRIGADO,2019,VI 130679,E2,G10,1,3686.27450980392
RP IRRIGADO,2019,VI 130679,E2,G10,2,3372.54901960784
RP IRRIGADO,2019,VI 130679,E2,G10,3,2372.54901960784
RP IRRIGADO,2019,VI 130755,E2,G11,1,4294.11764705882
RP IRRIGADO,2019,VI 130755,E2,G11,2,2529.41176470588
RP IRRIGADO,2019,VI 130755,E2,G11,3,3333.33333333333
RP IRRIGADO,2019,VI 130758,E2,G12,1,3568.62745098039
RP IRRIGADO,2019,VI 130758,E2,G12,2,4392.1568627451
RP IRRIGADO,2019,VI 130758,E2,G12,3,3901.96078431373
RP IRRIGADO,2019,VI 131313,E2,G13,1,2509.80392156863
RP IRRIGADO,2019,VI 131313,E2,G13,2,3529.41176470588
RP IRRIGADO,2019,VI 131313,E2,G13,3,2627.45098039216
RP IRRIGADO,2019,VI 14001,E2,G14,1,3627.45098039216
RP IRRIGADO,2019,VI 14001,E2,G14,2,3764.70588235294
RP IRRIGADO,2019,VI 14001,E2,G14,3,4078.43137254902
RP IRRIGADO,2019,VI 14022,E2,G15,1,3156.86274509804
RP IRRIGADO,2019,VI 14022,E2,G15,2,4470.58823529412
RP IRRIGADO,2019,VI 14022,E2,G15,3,4000
RP IRRIGADO,2019,VI 14026,E2,G16,1,4313.72549019608
RP IRRIGADO,2019,VI 14026,E2,G16,2,5039.21568627451
RP IRRIGADO,2019,VI 14026,E2,G16,3,4333.33333333333
RP IRRIGADO,2019,VI 14050,E2,G17,1,2960.78431372549
RP IRRIGADO,2019,VI 14050,E2,G17,2,3960.78431372549
RP IRRIGADO,2019,VI 14050,E2,G17,3,3960.78431372549
RP IRRIGADO,2019,VI 14055,E2,G18,1,3921.56862745098
RP IRRIGADO,2019,VI 14055,E2,G18,2,3176.4705882353
RP IRRIGADO,2019,VI 14055,E2,G18,3,3470.58823529412
RP IRRIGADO,2019,VI 14088,E2,G19,1,4078.43137254902
RP IRRIGADO,2019,VI 14088,E2,G19,2,3725.49019607843
RP IRRIGADO,2019,VI 14088,E2,G19,3,3568.62745098039
RP IRRIGADO,2019,VI 14118,E2,G20,1,4490.19607843137
RP IRRIGADO,2019,VI 14118,E2,G20,2,4490.19607843137
RP IRRIGADO,2019,VI 14118,E2,G20,3,4490.19607843137
RP IRRIGADO,2019,VI 14127,E2,G21,1,4098.03921568627
RP IRRIGADO,2019,VI 14127,E2,G21,2,4705.88235294118
RP IRRIGADO,2019,VI 14127,E2,G21,3,4705.88235294118
RP IRRIGADO,2019,VI 14194,E2,G22,1,3823.52941176471
RP IRRIGADO,2019,VI 14194,E2,G22,2,4725.49019607843
RP IRRIGADO,2019,VI 14194,E2,G22,3,4117.64705882353
RP IRRIGADO,2019,VI 14197,E2,G23,1,4431.37254901961
RP IRRIGADO,2019,VI 14197,E2,G23,2,4549.01960784314
RP IRRIGADO,2019,VI 14197,E2,G23,3,4156.86274509804
RP IRRIGADO,2019,VI 14204,E2,G24,1,3803.92156862745
RP IRRIGADO,2019,VI 14204,E2,G24,2,3882.35294117647
RP IRRIGADO,2019,VI 14204,E2,G24,3,2725.49019607843
RP IRRIGADO,2019,VI 14208,E2,G25,1,3941.17647058823
RP IRRIGADO,2019,VI 14208,E2,G25,2,4000
RP IRRIGADO,2019,VI 14208,E2,G25,3,4000
RP IRRIGADO,2019,VI 14214,E2,G26,1,4686.27450980392
RP IRRIGADO,2019,VI 14214,E2,G26,2,4000
RP IRRIGADO,2019,VI 14214,E2,G26,3,4196.07843137255
RP IRRIGADO,2019,VI 14239,E2,G27,1,3882.35294117647
RP IRRIGADO,2019,VI 14239,E2,G27,2,3352.94117647059
RP IRRIGADO,2019,VI 14239,E2,G27,3,3823.52941176471
RP IRRIGADO,2019,VI 14327,E2,G28,1,3470.58823529412
RP IRRIGADO,2019,VI 14327,E2,G28,2,3156.86274509804
RP IRRIGADO,2019,VI 14327,E2,G28,3,4470.58823529412
RP IRRIGADO,2019,VI 14426,E2,G29,1,3803.92156862745
RP IRRIGADO,2019,VI 14426,E2,G29,2,4294.11764705882
RP IRRIGADO,2019,VI 14426,E2,G29,3,4058.82352941177
RP IRRIGADO,2019,VI 14668,E2,G30,1,3784.3137254902
RP IRRIGADO,2019,VI 14668,E2,G30,2,3784.3137254902
RP IRRIGADO,2019,VI 14668,E2,G30,3,3784.3137254902
RP IRRIGADO,2019,VI 14708,E2,G31,1,3823.52941176471
RP IRRIGADO,2019,VI 14708,E2,G31,2,3549.01960784314
RP IRRIGADO,2019,VI 14708,E2,G31,3,4078.43137254902
RP IRRIGADO,2019,VI 14774,E2,G32,1,4254.90196078431
RP IRRIGADO,2019,VI 14774,E2,G32,2,4274.50980392157
RP IRRIGADO,2019,VI 14774,E2,G32,3,4490.19607843137
RP IRRIGADO,2019,VI 14867,E2,G33,1,3960.78431372549
RP IRRIGADO,2019,VI 14867,E2,G33,2,4431.37254901961
RP IRRIGADO,2019,VI 14867,E2,G33,3,4568.62745098039
RP IRRIGADO,2019,VI 14881,E2,G34,1,3725.49019607843
RP IRRIGADO,2019,VI 14881,E2,G34,2,4274.50980392157
RP IRRIGADO,2019,VI 14881,E2,G34,3,4176.47058823529
RP IRRIGADO,2019,VI 14950,E2,G35,1,3666.66666666667
RP IRRIGADO,2019,VI 14950,E2,G35,2,3627.45098039216
RP IRRIGADO,2019,VI 14950,E2,G35,3,4000
RP IRRIGADO,2019,VI 14980,E2,G36,1,4549.01960784314
RP IRRIGADO,2019,VI 14980,E2,G36,2,4098.03921568627
RP IRRIGADO,2019,VI 14980,E2,G36,3,4392.1568627451
VÇ IRRIGADO,2019,BRS 264,E3,G1,1,4434.26666666667
VÇ IRRIGADO,2019,BRS 264,E3,G1,2,4967.03333333333
VÇ IRRIGADO,2019,BRS 264,E3,G1,3,4716.76666666667
VÇ IRRIGADO,2019,CD 151,E3,G2,1,3205.2
VÇ IRRIGADO,2019,CD 151,E3,G2,2,4109.13333333333
VÇ IRRIGADO,2019,CD 151,E3,G2,3,3688.8
VÇ IRRIGADO,2019,ORS 1403,E3,G3,1,4305
VÇ IRRIGADO,2019,ORS 1403,E3,G3,2,4280
VÇ IRRIGADO,2019,ORS 1403,E3,G3,3,4300
VÇ IRRIGADO,2019,TBIO ATON,E3,G4,1,5493.3
VÇ IRRIGADO,2019,TBIO ATON,E3,G4,2,5077.76666666667
VÇ IRRIGADO,2019,TBIO ATON,E3,G4,3,5571.93333333333
VÇ IRRIGADO,2019,TBIO DUQUE,E3,G5,1,3908.3
VÇ IRRIGADO,2019,TBIO DUQUE,E3,G5,2,5243.4
VÇ IRRIGADO,2019,TBIO DUQUE,E3,G5,3,4218.66666666667
VÇ IRRIGADO,2019,VI 09004,E3,G6,1,4039.53333333333
VÇ IRRIGADO,2019,VI 09004,E3,G6,2,3525
VÇ IRRIGADO,2019,VI 09004,E3,G6,3,4473.6
VÇ IRRIGADO,2019,VI 09007,E3,G7,1,4210.13333333333
VÇ IRRIGADO,2019,VI 09007,E3,G7,2,4143.73333333333
VÇ IRRIGADO,2019,VI 09007,E3,G7,3,3191.33333333333
VÇ IRRIGADO,2019,VI 09031,E3,G8,1,4291.13333333333
VÇ IRRIGADO,2019,VI 09031,E3,G8,2,4414.5
VÇ IRRIGADO,2019,VI 09031,E3,G8,3,4156.13333333333
VÇ IRRIGADO,2019,VI 09037,E3,G9,1,4432.4
VÇ IRRIGADO,2019,VI 09037,E3,G9,2,2961.96666666667
VÇ IRRIGADO,2019,VI 09037,E3,G9,3,3876.3
VÇ IRRIGADO,2019,VI 130679,E3,G10,1,4681.96666666667
VÇ IRRIGADO,2019,VI 130679,E3,G10,2,3994
VÇ IRRIGADO,2019,VI 130679,E3,G10,3,4213.33333333333
VÇ IRRIGADO,2019,VI 130755,E3,G11,1,4621.83333333333
VÇ IRRIGADO,2019,VI 130755,E3,G11,2,4699.4
VÇ IRRIGADO,2019,VI 130755,E3,G11,3,3914.23333333333
VÇ IRRIGADO,2019,VI 130758,E3,G12,1,4544.1
VÇ IRRIGADO,2019,VI 130758,E3,G12,2,3270.7
VÇ IRRIGADO,2019,VI 130758,E3,G12,3,4452.33333333333
VÇ IRRIGADO,2019,VI 131313,E3,G13,1,4375.3
VÇ IRRIGADO,2019,VI 131313,E3,G13,2,4669.83333333333
VÇ IRRIGADO,2019,VI 131313,E3,G13,3,4708.3
VÇ IRRIGADO,2019,VI 14001,E3,G14,1,4058.6
VÇ IRRIGADO,2019,VI 14001,E3,G14,2,4227.66666666667
VÇ IRRIGADO,2019,VI 14001,E3,G14,3,3608.13333333333
VÇ IRRIGADO,2019,VI 14022,E3,G15,1,3013.66666666667
VÇ IRRIGADO,2019,VI 14022,E3,G15,2,2954.66666666667
VÇ IRRIGADO,2019,VI 14022,E3,G15,3,3394
VÇ IRRIGADO,2019,VI 14026,E3,G16,1,5194.73333333333
VÇ IRRIGADO,2019,VI 14026,E3,G16,2,4898.86666666667
VÇ IRRIGADO,2019,VI 14026,E3,G16,3,3387.9
VÇ IRRIGADO,2019,VI 14050,E3,G17,1,5157.53333333333
VÇ IRRIGADO,2019,VI 14050,E3,G17,2,3671.73333333333
VÇ IRRIGADO,2019,VI 14050,E3,G17,3,4004.3
VÇ IRRIGADO,2019,VI 14055,E3,G18,1,3652.33333333333
VÇ IRRIGADO,2019,VI 14055,E3,G18,2,4946.1
VÇ IRRIGADO,2019,VI 14055,E3,G18,3,4829.96666666667
VÇ IRRIGADO,2019,VI 14088,E3,G19,1,4590
VÇ IRRIGADO,2019,VI 14088,E3,G19,2,5233.73333333333
VÇ IRRIGADO,2019,VI 14088,E3,G19,3,4522.73333333333
VÇ IRRIGADO,2019,VI 14118,E3,G20,1,4435.8
VÇ IRRIGADO,2019,VI 14118,E3,G20,2,3072.83333333333
VÇ IRRIGADO,2019,VI 14118,E3,G20,3,4147.1
VÇ IRRIGADO,2019,VI 14127,E3,G21,1,5199.5
VÇ IRRIGADO,2019,VI 14127,E3,G21,2,4350.7
VÇ IRRIGADO,2019,VI 14127,E3,G21,3,4431.8
VÇ IRRIGADO,2019,VI 14194,E3,G22,1,5238.8
VÇ IRRIGADO,2019,VI 14194,E3,G22,2,5836.8
VÇ IRRIGADO,2019,VI 14194,E3,G22,3,5285.2
VÇ IRRIGADO,2019,VI 14197,E3,G23,1,4500
VÇ IRRIGADO,2019,VI 14197,E3,G23,2,4788.43333333333
VÇ IRRIGADO,2019,VI 14197,E3,G23,3,3498.16666666667
VÇ IRRIGADO,2019,VI 14204,E3,G24,1,5258.33333333333
VÇ IRRIGADO,2019,VI 14204,E3,G24,2,3164.83333333333
VÇ IRRIGADO,2019,VI 14204,E3,G24,3,3662.86666666667
VÇ IRRIGADO,2019,VI 14208,E3,G25,1,4895.9
VÇ IRRIGADO,2019,VI 14208,E3,G25,2,5193.8
VÇ IRRIGADO,2019,VI 14208,E3,G25,3,3014.33333333333
VÇ IRRIGADO,2019,VI 14214,E3,G26,1,4141.5
VÇ IRRIGADO,2019,VI 14214,E3,G26,2,4327.36666666667
VÇ IRRIGADO,2019,VI 14214,E3,G26,3,4577.26666666667
VÇ IRRIGADO,2019,VI 14239,E3,G27,1,3738
VÇ IRRIGADO,2019,VI 14239,E3,G27,2,2673.16666666667
VÇ IRRIGADO,2019,VI 14239,E3,G27,3,4375.23333333333
VÇ IRRIGADO,2019,VI 14327,E3,G28,1,4393.63333333333
VÇ IRRIGADO,2019,VI 14327,E3,G28,2,4601.03333333333
VÇ IRRIGADO,2019,VI 14327,E3,G28,3,4094.43333333333
VÇ IRRIGADO,2019,VI 14426,E3,G29,1,2071.4
VÇ IRRIGADO,2019,VI 14426,E3,G29,2,4856.36666666667
VÇ IRRIGADO,2019,VI 14426,E3,G29,3,4461.63333333333
VÇ IRRIGADO,2019,VI 14668,E3,G30,1,3150.1
VÇ IRRIGADO,2019,VI 14668,E3,G30,2,4491.13333333333
VÇ IRRIGADO,2019,VI 14668,E3,G30,3,4244.56666666667
VÇ IRRIGADO,2019,VI 14708,E3,G31,1,5059.43333333333
VÇ IRRIGADO,2019,VI 14708,E3,G31,2,4070.4
VÇ IRRIGADO,2019,VI 14708,E3,G31,3,4550
VÇ IRRIGADO,2019,VI 14774,E3,G32,1,4947.36666666667
VÇ IRRIGADO,2019,VI 14774,E3,G32,2,4469.86666666667
VÇ IRRIGADO,2019,VI 14774,E3,G32,3,4330.46666666667
VÇ IRRIGADO,2019,VI 14867,E3,G33,1,5239.16666666667
VÇ IRRIGADO,2019,VI 14867,E3,G33,2,5057
VÇ IRRIGADO,2019,VI 14867,E3,G33,3,5160.86666666667
VÇ IRRIGADO,2019,VI 14881,E3,G34,1,5075.3
VÇ IRRIGADO,2019,VI 14881,E3,G34,2,4268.73333333333
VÇ IRRIGADO,2019,VI 14881,E3,G34,3,4198.86666666667
VÇ IRRIGADO,2019,VI 14950,E3,G35,1,3433.33333333333
VÇ IRRIGADO,2019,VI 14950,E3,G35,2,3843.43333333333
VÇ IRRIGADO,2019,VI 14950,E3,G35,3,2399.8
VÇ IRRIGADO,2019,VI 14980,E3,G36,1,5191.2
VÇ IRRIGADO,2019,VI 14980,E3,G36,2,4919
VÇ IRRIGADO,2019,VI 14980,E3,G36,3,4509.33333333333
VÇ - IRRIGADO,2020,BRS 264,E4,G1,1,4700
VÇ - IRRIGADO,2020,BRS 264,E4,G1,2,4000
VÇ - IRRIGADO,2020,BRS 264,E4,G1,3,4020
VÇ - IRRIGADO,2020,CD 151,E4,G2,1,3680
VÇ - IRRIGADO,2020,CD 151,E4,G2,2,3300
VÇ - IRRIGADO,2020,CD 151,E4,G2,3,3500
VÇ - IRRIGADO,2020,ORS 1403,E4,G3,1,3510
VÇ - IRRIGADO,2020,ORS 1403,E4,G3,2,3880
VÇ - IRRIGADO,2020,ORS 1403,E4,G3,3,3830
VÇ - IRRIGADO,2020,TBIO ATON,E4,G4,1,3320
VÇ - IRRIGADO,2020,TBIO ATON,E4,G4,2,4620
VÇ - IRRIGADO,2020,TBIO ATON,E4,G4,3,5050
VÇ - IRRIGADO,2020,TBIO DUQUE,E4,G5,1,3650
VÇ - IRRIGADO,2020,TBIO DUQUE,E4,G5,2,4520
VÇ - IRRIGADO,2020,TBIO DUQUE,E4,G5,3,3770
VÇ - IRRIGADO,2020,VI 09004,E4,G6,1,4670
VÇ - IRRIGADO,2020,VI 09004,E4,G6,2,4950
VÇ - IRRIGADO,2020,VI 09004,E4,G6,3,5270
VÇ - IRRIGADO,2020,VI 09007,E4,G7,1,3980
VÇ - IRRIGADO,2020,VI 09007,E4,G7,2,4320
VÇ - IRRIGADO,2020,VI 09007,E4,G7,3,4720
VÇ - IRRIGADO,2020,VI 09031,E4,G8,1,3730
VÇ - IRRIGADO,2020,VI 09031,E4,G8,2,4350
VÇ - IRRIGADO,2020,VI 09031,E4,G8,3,3720
VÇ - IRRIGADO,2020,VI 09037,E4,G9,1,3170
VÇ - IRRIGADO,2020,VI 09037,E4,G9,2,3800
VÇ - IRRIGADO,2020,VI 09037,E4,G9,3,3590
VÇ - IRRIGADO,2020,VI 130679,E4,G10,1,4100
VÇ - IRRIGADO,2020,VI 130679,E4,G10,2,4850
VÇ - IRRIGADO,2020,VI 130679,E4,G10,3,4760
VÇ - IRRIGADO,2020,VI 130755,E4,G11,1,3710
VÇ - IRRIGADO,2020,VI 130755,E4,G11,2,3980
VÇ - IRRIGADO,2020,VI 130755,E4,G11,3,3940
VÇ - IRRIGADO,2020,VI 130758,E4,G12,1,4060
VÇ - IRRIGADO,2020,VI 130758,E4,G12,2,4530
VÇ - IRRIGADO,2020,VI 130758,E4,G12,3,3260
VÇ - IRRIGADO,2020,VI 131313,E4,G13,1,3860
VÇ - IRRIGADO,2020,VI 131313,E4,G13,2,3780
VÇ - IRRIGADO,2020,VI 131313,E4,G13,3,3600
VÇ - IRRIGADO,2020,VI 14001,E4,G14,1,3890
VÇ - IRRIGADO,2020,VI 14001,E4,G14,2,3570
VÇ - IRRIGADO,2020,VI 14001,E4,G14,3,4050
VÇ - IRRIGADO,2020,VI 14022,E4,G15,1,3680
VÇ - IRRIGADO,2020,VI 14022,E4,G15,2,3640
VÇ - IRRIGADO,2020,VI 14022,E4,G15,3,3720
VÇ - IRRIGADO,2020,VI 14026,E4,G16,1,3650
VÇ - IRRIGADO,2020,VI 14026,E4,G16,2,3640
VÇ - IRRIGADO,2020,VI 14026,E4,G16,3,4100
VÇ - IRRIGADO,2020,VI 14050,E4,G17,1,4630
VÇ - IRRIGADO,2020,VI 14050,E4,G17,2,3540
VÇ - IRRIGADO,2020,VI 14050,E4,G17,3,4380
VÇ - IRRIGADO,2020,VI 14055,E4,G18,1,4900
VÇ - IRRIGADO,2020,VI 14055,E4,G18,2,4310
VÇ - IRRIGADO,2020,VI 14055,E4,G18,3,4970
VÇ - IRRIGADO,2020,VI 14088,E4,G19,1,4310
VÇ - IRRIGADO,2020,VI 14088,E4,G19,2,4830
VÇ - IRRIGADO,2020,VI 14088,E4,G19,3,4240
VÇ - IRRIGADO,2020,VI 14118,E4,G20,1,4470
VÇ - IRRIGADO,2020,VI 14118,E4,G20,2,4810
VÇ - IRRIGADO,2020,VI 14118,E4,G20,3,4210
VÇ - IRRIGADO,2020,VI 14127,E4,G21,1,5320
VÇ - IRRIGADO,2020,VI 14127,E4,G21,2,5110
VÇ - IRRIGADO,2020,VI 14127,E4,G21,3,4620
VÇ - IRRIGADO,2020,VI 14194,E4,G22,1,4080
VÇ - IRRIGADO,2020,VI 14194,E4,G22,2,4760
VÇ - IRRIGADO,2020,VI 14194,E4,G22,3,4520
VÇ - IRRIGADO,2020,VI 14197,E4,G23,1,4530
VÇ - IRRIGADO,2020,VI 14197,E4,G23,2,4020
VÇ - IRRIGADO,2020,VI 14197,E4,G23,3,4740
VÇ - IRRIGADO,2020,VI 14204,E4,G24,1,4700
VÇ - IRRIGADO,2020,VI 14204,E4,G24,2,4570
VÇ - IRRIGADO,2020,VI 14204,E4,G24,3,4210
VÇ - IRRIGADO,2020,VI 14208,E4,G25,1,4090
VÇ - IRRIGADO,2020,VI 14208,E4,G25,2,4090
VÇ - IRRIGADO,2020,VI 14208,E4,G25,3,5210
VÇ - IRRIGADO,2020,VI 14214,E4,G26,1,5640
VÇ - IRRIGADO,2020,VI 14214,E4,G26,2,5360
VÇ - IRRIGADO,2020,VI 14214,E4,G26,3,4850
VÇ - IRRIGADO,2020,VI 14239,E4,G27,1,3500
VÇ - IRRIGADO,2020,VI 14239,E4,G27,2,3650
VÇ - IRRIGADO,2020,VI 14239,E4,G27,3,3430
VÇ - IRRIGADO,2020,VI 14327,E4,G28,1,4720
VÇ - IRRIGADO,2020,VI 14327,E4,G28,2,4830
VÇ - IRRIGADO,2020,VI 14327,E4,G28,3,4500
VÇ - IRRIGADO,2020,VI 14426,E4,G29,1,4180
VÇ - IRRIGADO,2020,VI 14426,E4,G29,2,3650
VÇ - IRRIGADO,2020,VI 14426,E4,G29,3,3150
VÇ - IRRIGADO,2020,VI 14668,E4,G30,1,3760
VÇ - IRRIGADO,2020,VI 14668,E4,G30,2,3870
VÇ - IRRIGADO,2020,VI 14668,E4,G30,3,4530
VÇ - IRRIGADO,2020,VI 14708,E4,G31,1,3370
VÇ - IRRIGADO,2020,VI 14708,E4,G31,2,5350
VÇ - IRRIGADO,2020,VI 14708,E4,G31,3,3960
VÇ - IRRIGADO,2020,VI 14774,E4,G32,1,4220
VÇ - IRRIGADO,2020,VI 14774,E4,G32,2,4450
VÇ - IRRIGADO,2020,VI 14774,E4,G32,3,4420
VÇ - IRRIGADO,2020,VI 14867,E4,G33,1,3970
VÇ - IRRIGADO,2020,VI 14867,E4,G33,2,4060
VÇ - IRRIGADO,2020,VI 14867,E4,G33,3,4450
VÇ - IRRIGADO,2020,VI 14881,E4,G34,1,3250
VÇ - IRRIGADO,2020,VI 14881,E4,G34,2,4730
VÇ - IRRIGADO,2020,VI 14881,E4,G34,3,5650
VÇ - IRRIGADO,2020,VI 14950,E4,G35,1,3560
VÇ - IRRIGADO,2020,VI 14950,E4,G35,2,3080
VÇ - IRRIGADO,2020,VI 14950,E4,G35,3,3430
VÇ - IRRIGADO,2020,VI 14980,E4,G36,1,4930
VÇ - IRRIGADO,2020,VI 14980,E4,G36,2,5050
VÇ - IRRIGADO,2020,VI 14980,E4,G36,3,4490
VÇ - SEQUEIRO,2020,BRS 264,E5,G1,1,4140
VÇ - SEQUEIRO,2020,BRS 264,E5,G1,2,4820
VÇ - SEQUEIRO,2020,BRS 264,E5,G1,3,5120
VÇ - SEQUEIRO,2020,CD 151,E5,G2,1,3350
VÇ - SEQUEIRO,2020,CD 151,E5,G2,2,3890
VÇ - SEQUEIRO,2020,CD 151,E5,G2,3,2980
VÇ - SEQUEIRO,2020,ORS 1403,E5,G3,1,2276
VÇ - SEQUEIRO,2020,ORS 1403,E5,G3,2,2860
VÇ - SEQUEIRO,2020,ORS 1403,E5,G3,3,3520
VÇ - SEQUEIRO,2020,TBIO ATON,E5,G4,1,3630
VÇ - SEQUEIRO,2020,TBIO ATON,E5,G4,2,4480
VÇ - SEQUEIRO,2020,TBIO ATON,E5,G4,3,3900
VÇ - SEQUEIRO,2020,TBIO DUQUE,E5,G5,1,3310
VÇ - SEQUEIRO,2020,TBIO DUQUE,E5,G5,2,3980
VÇ - SEQUEIRO,2020,TBIO DUQUE,E5,G5,3,3210
VÇ - SEQUEIRO,2020,VI 09004,E5,G6,1,4140
VÇ - SEQUEIRO,2020,VI 09004,E5,G6,2,4160
VÇ - SEQUEIRO,2020,VI 09004,E5,G6,3,3920
VÇ - SEQUEIRO,2020,VI 09007,E5,G7,1,3970
VÇ - SEQUEIRO,2020,VI 09007,E5,G7,2,4080
VÇ - SEQUEIRO,2020,VI 09007,E5,G7,3,3310
VÇ - SEQUEIRO,2020,VI 09031,E5,G8,1,3750
VÇ - SEQUEIRO,2020,VI 09031,E5,G8,2,3310
VÇ - SEQUEIRO,2020,VI 09031,E5,G8,3,3700
VÇ - SEQUEIRO,2020,VI 09037,E5,G9,1,3010
VÇ - SEQUEIRO,2020,VI 09037,E5,G9,2,3400
VÇ - SEQUEIRO,2020,VI 09037,E5,G9,3,3230
VÇ - SEQUEIRO,2020,VI 130679,E5,G10,1,2900
VÇ - SEQUEIRO,2020,VI 130679,E5,G10,2,3760
VÇ - SEQUEIRO,2020,VI 130679,E5,G10,3,3750
VÇ - SEQUEIRO,2020,VI 130755,E5,G11,1,2820
VÇ - SEQUEIRO,2020,VI 130755,E5,G11,2,3000
VÇ - SEQUEIRO,2020,VI 130755,E5,G11,3,3010
VÇ - SEQUEIRO,2020,VI 130758,E5,G12,1,3000
VÇ - SEQUEIRO,2020,VI 130758,E5,G12,2,2750
VÇ - SEQUEIRO,2020,VI 130758,E5,G12,3,2820
VÇ - SEQUEIRO,2020,VI 131313,E5,G13,1,4380
VÇ - SEQUEIRO,2020,VI 131313,E5,G13,2,4330
VÇ - SEQUEIRO,2020,VI 131313,E5,G13,3,3520
VÇ - SEQUEIRO,2020,VI 14001,E5,G14,1,4450
VÇ - SEQUEIRO,2020,VI 14001,E5,G14,2,4780
VÇ - SEQUEIRO,2020,VI 14001,E5,G14,3,3700
VÇ - SEQUEIRO,2020,VI 14022,E5,G15,1,3210
VÇ - SEQUEIRO,2020,VI 14022,E5,G15,2,3270
VÇ - SEQUEIRO,2020,VI 14022,E5,G15,3,3420
VÇ - SEQUEIRO,2020,VI 14026,E5,G16,1,3032
VÇ - SEQUEIRO,2020,VI 14026,E5,G16,2,4000
VÇ - SEQUEIRO,2020,VI 14026,E5,G16,3,3100
VÇ - SEQUEIRO,2020,VI 14050,E5,G17,1,4280
VÇ - SEQUEIRO,2020,VI 14050,E5,G17,2,3480
VÇ - SEQUEIRO,2020,VI 14050,E5,G17,3,3900
VÇ - SEQUEIRO,2020,VI 14055,E5,G18,1,4000
VÇ - SEQUEIRO,2020,VI 14055,E5,G18,2,4130
VÇ - SEQUEIRO,2020,VI 14055,E5,G18,3,3830
VÇ - SEQUEIRO,2020,VI 14088,E5,G19,1,3820
VÇ - SEQUEIRO,2020,VI 14088,E5,G19,2,3530
VÇ - SEQUEIRO,2020,VI 14088,E5,G19,3,2750
VÇ - SEQUEIRO,2020,VI 14118,E5,G20,1,4810
VÇ - SEQUEIRO,2020,VI 14118,E5,G20,2,3700
VÇ - SEQUEIRO,2020,VI 14118,E5,G20,3,3700
VÇ - SEQUEIRO,2020,VI 14127,E5,G21,1,3500
VÇ - SEQUEIRO,2020,VI 14127,E5,G21,2,3290
VÇ - SEQUEIRO,2020,VI 14127,E5,G21,3,4990
VÇ - SEQUEIRO,2020,VI 14194,E5,G22,1,3830
VÇ - SEQUEIRO,2020,VI 14194,E5,G22,2,2800
VÇ - SEQUEIRO,2020,VI 14194,E5,G22,3,2660
VÇ - SEQUEIRO,2020,VI 14197,E5,G23,1,3970
VÇ - SEQUEIRO,2020,VI 14197,E5,G23,2,4120
VÇ - SEQUEIRO,2020,VI 14197,E5,G23,3,4250
VÇ - SEQUEIRO,2020,VI 14204,E5,G24,1,3880
VÇ - SEQUEIRO,2020,VI 14204,E5,G24,2,3460
VÇ - SEQUEIRO,2020,VI 14204,E5,G24,3,3170
VÇ - SEQUEIRO,2020,VI 14208,E5,G25,1,4100
VÇ - SEQUEIRO,2020,VI 14208,E5,G25,2,3770
VÇ - SEQUEIRO,2020,VI 14208,E5,G25,3,3410
VÇ - SEQUEIRO,2020,VI 14214,E5,G26,1,4830
VÇ - SEQUEIRO,2020,VI 14214,E5,G26,2,4130
VÇ - SEQUEIRO,2020,VI 14214,E5,G26,3,3340
VÇ - SEQUEIRO,2020,VI 14239,E5,G27,1,3720
VÇ - SEQUEIRO,2020,VI 14239,E5,G27,2,4210
VÇ - SEQUEIRO,2020,VI 14239,E5,G27,3,3640
VÇ - SEQUEIRO,2020,VI 14327,E5,G28,1,3570
VÇ - SEQUEIRO,2020,VI 14327,E5,G28,2,3960
VÇ - SEQUEIRO,2020,VI 14327,E5,G28,3,3510
VÇ - SEQUEIRO,2020,VI 14426,E5,G29,1,3730
VÇ - SEQUEIRO,2020,VI 14426,E5,G29,2,3720
VÇ - SEQUEIRO,2020,VI 14426,E5,G29,3,3760
VÇ - SEQUEIRO,2020,VI 14668,E5,G30,1,3970
VÇ - SEQUEIRO,2020,VI 14668,E5,G30,2,4670
VÇ - SEQUEIRO,2020,VI 14668,E5,G30,3,3100
VÇ - SEQUEIRO,2020,VI 14708,E5,G31,1,3280
VÇ - SEQUEIRO,2020,VI 14708,E5,G31,2,3270
VÇ - SEQUEIRO,2020,VI 14708,E5,G31,3,3420
VÇ - SEQUEIRO,2020,VI 14774,E5,G32,1,4240
VÇ - SEQUEIRO,2020,VI 14774,E5,G32,2,4260
VÇ - SEQUEIRO,2020,VI 14774,E5,G32,3,3480
VÇ - SEQUEIRO,2020,VI 14867,E5,G33,1,3030
VÇ - SEQUEIRO,2020,VI 14867,E5,G33,2,3500
VÇ - SEQUEIRO,2020,VI 14867,E5,G33,3,2560
VÇ - SEQUEIRO,2020,VI 14881,E5,G34,1,3920
VÇ - SEQUEIRO,2020,VI 14881,E5,G34,2,3460
VÇ - SEQUEIRO,2020,VI 14881,E5,G34,3,3130
VÇ - SEQUEIRO,2020,VI 14950,E5,G35,1,3460
VÇ - SEQUEIRO,2020,VI 14950,E5,G35,2,3250
VÇ - SEQUEIRO,2020,VI 14950,E5,G35,3,2680
VÇ - SEQUEIRO,2020,VI 14980,E5,G36,1,3840
VÇ - SEQUEIRO,2020,VI 14980,E5,G36,2,3830
VÇ - SEQUEIRO,2020,VI 14980,E5,G36,3,4610
SG SEQUEIRO,2020,BRS 264,E6,G1,1,1299.58079783638
SG SEQUEIRO,2020,BRS 264,E6,G1,2,1188.64097363083
SG SEQUEIRO,2020,BRS 264,E6,G1,3,1133.17106152806
SG SEQUEIRO,2020,CD 151,E6,G2,1,1486.28352490421
SG SEQUEIRO,2020,CD 151,E6,G2,2,1306.97318007663
SG SEQUEIRO,2020,CD 151,E6,G2,3,1159.54022988506
SG SEQUEIRO,2020,ORS 1403,E6,G3,1,1002.94793779581
SG SEQUEIRO,2020,ORS 1403,E6,G3,2,1275.40229885058
SG SEQUEIRO,2020,ORS 1403,E6,G3,3,1508.37052062204
SG SEQUEIRO,2020,TBIO ATON,E6,G4,1,1510.75050709939
SG SEQUEIRO,2020,TBIO ATON,E6,G4,2,1164.86815415822
SG SEQUEIRO,2020,TBIO ATON,E6,G4,3,1117.16024340771
SG SEQUEIRO,2020,TBIO DUQUE,E6,G5,1,604.300202839757
SG SEQUEIRO,2020,TBIO DUQUE,E6,G5,2,1224.50304259635
SG SEQUEIRO,2020,TBIO DUQUE,E6,G5,3,1506.77484787018
SG SEQUEIRO,2020,VI 09004,E6,G6,1,1043.62407031778
SG SEQUEIRO,2020,VI 09004,E6,G6,2,2648.59139057922
SG SEQUEIRO,2020,VI 09004,E6,G6,3,1035.71782736083
SG SEQUEIRO,2020,VI 09007,E6,G7,1,1924.21906693712
SG SEQUEIRO,2020,VI 09007,E6,G7,2,1164.86815415822
SG SEQUEIRO,2020,VI 09007,E6,G7,3,938.255578093306
SG SEQUEIRO,2020,VI 09031,E6,G8,1,2499.08496732026
SG SEQUEIRO,2020,VI 09031,E6,G8,2,1566.82443092179
SG SEQUEIRO,2020,VI 09031,E6,G8,3,987.09939148073
SG SEQUEIRO,2020,VI 09037,E6,G9,1,1965.7200811359
SG SEQUEIRO,2020,VI 09037,E6,G9,2,794.230335812486
SG SEQUEIRO,2020,VI 09037,E6,G9,3,1143.69168356998
SG SEQUEIRO,2020,VI 130679,E6,G10,1,1526.65314401623
SG SEQUEIRO,2020,VI 130679,E6,G10,2,1431.23732251521
SG SEQUEIRO,2020,VI 130679,E6,G10,3,906.450304259635
SG SEQUEIRO,2020,VI 130755,E6,G11,1,2246.24746450304
SG SEQUEIRO,2020,VI 130755,E6,G11,2,1526.65314401623
SG SEQUEIRO,2020,VI 130755,E6,G11,3,1514.7261663286
SG SEQUEIRO,2020,VI 130758,E6,G12,1,1497.01149425287
SG SEQUEIRO,2020,VI 130758,E6,G12,2,2133.44151453685
SG SEQUEIRO,2020,VI 130758,E6,G12,3,1364.92224475997
SG SEQUEIRO,2020,VI 131313,E6,G13,1,1068.55983772819
SG SEQUEIRO,2020,VI 131313,E6,G13,2,395.762902862294
SG SEQUEIRO,2020,VI 131313,E6,G13,3,795.483434753212
SG SEQUEIRO,2020,VI 14001,E6,G14,1,1578.33671399594
SG SEQUEIRO,2020,VI 14001,E6,G14,2,1164.86815415822
SG SEQUEIRO,2020,VI 14001,E6,G14,3,763.326572008114
SG SEQUEIRO,2020,VI 14022,E6,G15,1,1663.24994365562
SG SEQUEIRO,2020,VI 14022,E6,G15,2,1383.37615505973
SG SEQUEIRO,2020,VI 14022,E6,G15,3,1331.39959432049
SG SEQUEIRO,2020,VI 14026,E6,G16,1,1389.12778904665
SG SEQUEIRO,2020,VI 14026,E6,G16,2,1955.06874013973
SG SEQUEIRO,2020,VI 14026,E6,G16,3,1780.93306288032
SG SEQUEIRO,2020,VI 14050,E6,G17,1,1000
SG SEQUEIRO,2020,VI 14050,E6,G17,2,950
SG SEQUEIRO,2020,VI 14050,E6,G17,3,900
SG SEQUEIRO,2020,VI 14055,E6,G18,1,979.265269326121
SG SEQUEIRO,2020,VI 14055,E6,G18,2,1343.55194951544
SG SEQUEIRO,2020,VI 14055,E6,G18,3,897.006986702727
SG SEQUEIRO,2020,VI 14088,E6,G19,1,2169.1908947487
SG SEQUEIRO,2020,VI 14088,E6,G19,2,1166.18886635114
SG SEQUEIRO,2020,VI 14088,E6,G19,3,1237.83186837954
SG SEQUEIRO,2020,VI 14118,E6,G20,1,1036.47058823529
SG SEQUEIRO,2020,VI 14118,E6,G20,2,2144.42190669371
SG SEQUEIRO,2020,VI 14118,E6,G20,3,1175.46089700248
SG SEQUEIRO,2020,VI 14127,E6,G21,1,1159.54022988506
SG SEQUEIRO,2020,VI 14127,E6,G21,2,2370.88122605364
SG SEQUEIRO,2020,VI 14127,E6,G21,3,1928.58237547893
SG SEQUEIRO,2020,VI 14194,E6,G22,1,1711.56637367591
SG SEQUEIRO,2020,VI 14194,E6,G22,2,1425.64345278341
SG SEQUEIRO,2020,VI 14194,E6,G22,3,2001.46044624747
SG SEQUEIRO,2020,VI 14197,E6,G23,1,2657.65156637368
SG SEQUEIRO,2020,VI 14197,E6,G23,2,1007.52760874465
SG SEQUEIRO,2020,VI 14197,E6,G23,3,801.262114041019
SG SEQUEIRO,2020,VI 14204,E6,G24,1,2278.41784989858
SG SEQUEIRO,2020,VI 14204,E6,G24,2,2109.20892494929
SG SEQUEIRO,2020,VI 14204,E6,G24,3,1235.61866125761
SG SEQUEIRO,2020,VI 14208,E6,G25,1,2365.39553752536
SG SEQUEIRO,2020,VI 14208,E6,G25,2,1109.39824205544
SG SEQUEIRO,2020,VI 14208,E6,G25,3,1077.70114942529
SG SEQUEIRO,2020,VI 14214,E6,G26,1,1745.31440162272
SG SEQUEIRO,2020,VI 14214,E6,G26,2,1468.28036961911
SG SEQUEIRO,2020,VI 14214,E6,G26,3,1088.34798287131
SG SEQUEIRO,2020,VI 14239,E6,G27,1,1000
SG SEQUEIRO,2020,VI 14239,E6,G27,2,1000
SG SEQUEIRO,2020,VI 14239,E6,G27,3,1050
SG SEQUEIRO,2020,VI 14327,E6,G28,1,1273.50912778905
SG SEQUEIRO,2020,VI 14327,E6,G28,2,1391.42663962137
SG SEQUEIRO,2020,VI 14327,E6,G28,3,892.242506197882
SG SEQUEIRO,2020,VI 14426,E6,G29,1,2195.02366463827
SG SEQUEIRO,2020,VI 14426,E6,G29,2,1739.37795807978
SG SEQUEIRO,2020,VI 14426,E6,G29,3,875.632183908046
SG SEQUEIRO,2020,VI 14668,E6,G30,1,2492.67523101195
SG SEQUEIRO,2020,VI 14668,E6,G30,2,1794.56840207347
SG SEQUEIRO,2020,VI 14668,E6,G30,3,1297.61099842236
SG SEQUEIRO,2020,VI 14708,E6,G31,1,1147.73495605139
SG SEQUEIRO,2020,VI 14708,E6,G31,2,1064.90872210953
SG SEQUEIRO,2020,VI 14708,E6,G31,3,867.703403200361
SG SEQUEIRO,2020,VI 14774,E6,G32,1,1848.50574712644
SG SEQUEIRO,2020,VI 14774,E6,G32,2,2391.72413793103
SG SEQUEIRO,2020,VI 14774,E6,G32,3,1637.47126436782
SG SEQUEIRO,2020,VI 14867,E6,G33,1,1743.34009465855
SG SEQUEIRO,2020,VI 14867,E6,G33,2,1529.384719405
SG SEQUEIRO,2020,VI 14867,E6,G33,3,1481.83908045977
SG SEQUEIRO,2020,VI 14881,E6,G34,1,1000
SG SEQUEIRO,2020,VI 14881,E6,G34,2,1200
SG SEQUEIRO,2020,VI 14881,E6,G34,3,1300
SG SEQUEIRO,2020,VI 14950,E6,G35,1,1300
SG SEQUEIRO,2020,VI 14950,E6,G35,2,1250
SG SEQUEIRO,2020,VI 14950,E6,G35,3,1000
SG SEQUEIRO,2020,VI 14980,E6,G36,1,678.43137254902
SG SEQUEIRO,2020,VI 14980,E6,G36,2,1867.63578994816
SG SEQUEIRO,2020,VI 14980,E6,G36,3,1403.65111561866
SG IRRIGADO,2020,BRS 264,E7,G1,1,4752.9321613703
SG IRRIGADO,2020,BRS 264,E7,G1,2,5277.42168131621
SG IRRIGADO,2020,BRS 264,E7,G1,3,5232.69776876268
SG IRRIGADO,2020,CD 151,E7,G2,1,5140.77079107505
SG IRRIGADO,2020,CD 151,E7,G2,2,5092.57606490872
SG IRRIGADO,2020,CD 151,E7,G2,3,4839.5537525355
SG IRRIGADO,2020,ORS 1403,E7,G3,1,5177.1106603561
SG IRRIGADO,2020,ORS 1403,E7,G3,2,5075.91615956728
SG IRRIGADO,2020,ORS 1403,E7,G3,3,5205.44512057697
SG IRRIGADO,2020,TBIO ATON,E7,G4,1,4500
SG IRRIGADO,2020,TBIO ATON,E7,G4,2,4300
SG IRRIGADO,2020,TBIO ATON,E7,G4,3,4250
SG IRRIGADO,2020,TBIO DUQUE,E7,G5,1,4100
SG IRRIGADO,2020,TBIO DUQUE,E7,G5,2,4200
SG IRRIGADO,2020,TBIO DUQUE,E7,G5,3,4300
SG IRRIGADO,2020,VI 09004,E7,G6,1,3642.89384719405
SG IRRIGADO,2020,VI 09004,E7,G6,2,3993.32882578319
SG IRRIGADO,2020,VI 09004,E7,G6,3,3581.77146720757
SG IRRIGADO,2020,VI 09007,E7,G7,1,3521.43790849673
SG IRRIGADO,2020,VI 09007,E7,G7,2,3018.95424836601
SG IRRIGADO,2020,VI 09007,E7,G7,3,3209.41176470588
SG IRRIGADO,2020,VI 09031,E7,G8,1,2812.76538201488
SG IRRIGADO,2020,VI 09031,E7,G8,2,3054.55037187289
SG IRRIGADO,2020,VI 09031,E7,G8,3,3441.40635564571
SG IRRIGADO,2020,VI 09037,E7,G9,1,4000
SG IRRIGADO,2020,VI 09037,E7,G9,2,3950
SG IRRIGADO,2020,VI 09037,E7,G9,3,3960
SG IRRIGADO,2020,VI 130679,E7,G10,1,4200
SG IRRIGADO,2020,VI 130679,E7,G10,2,4100
SG IRRIGADO,2020,VI 130679,E7,G10,3,3800
SG IRRIGADO,2020,VI 130755,E7,G11,1,4274.45571331981
SG IRRIGADO,2020,VI 130755,E7,G11,2,4553.75253549696
SG IRRIGADO,2020,VI 130755,E7,G11,3,4363.50687401397
SG IRRIGADO,2020,VI 130758,E7,G12,1,4060
SG IRRIGADO,2020,VI 130758,E7,G12,2,4530
SG IRRIGADO,2020,VI 130758,E7,G12,3,3260
SG IRRIGADO,2020,VI 131313,E7,G13,1,4860
SG IRRIGADO,2020,VI 131313,E7,G13,2,3780
SG IRRIGADO,2020,VI 131313,E7,G13,3,3600
SG IRRIGADO,2020,VI 14001,E7,G14,1,4516.56524678837
SG IRRIGADO,2020,VI 14001,E7,G14,2,4741.94275411314
SG IRRIGADO,2020,VI 14001,E7,G14,3,4439.93689429795
SG IRRIGADO,2020,VI 14022,E7,G15,1,4477.05206220419
SG IRRIGADO,2020,VI 14022,E7,G15,2,4082.13657876944
SG IRRIGADO,2020,VI 14022,E7,G15,3,4875.99729546991
SG IRRIGADO,2020,VI 14026,E7,G16,1,5421.90669371197
SG IRRIGADO,2020,VI 14026,E7,G16,2,4851.60243407708
SG IRRIGADO,2020,VI 14026,E7,G16,3,4827.50507099392
SG IRRIGADO,2020,VI 14050,E7,G17,1,3280
SG IRRIGADO,2020,VI 14050,E7,G17,2,3480
SG IRRIGADO,2020,VI 14050,E7,G17,3,3900
SG IRRIGADO,2020,VI 14055,E7,G18,1,4908.53279242732
SG IRRIGADO,2020,VI 14055,E7,G18,2,4629.54699121028
SG IRRIGADO,2020,VI 14055,E7,G18,3,5078.35023664638
SG IRRIGADO,2020,VI 14088,E7,G19,1,4000
SG IRRIGADO,2020,VI 14088,E7,G19,2,3900
SG IRRIGADO,2020,VI 14088,E7,G19,3,3800
SG IRRIGADO,2020,VI 14118,E7,G20,1,4470
SG IRRIGADO,2020,VI 14118,E7,G20,2,4810
SG IRRIGADO,2020,VI 14118,E7,G20,3,3210
SG IRRIGADO,2020,VI 14127,E7,G21,1,4080
SG IRRIGADO,2020,VI 14127,E7,G21,2,4760
SG IRRIGADO,2020,VI 14127,E7,G21,3,4520
SG IRRIGADO,2020,VI 14194,E7,G22,1,4080
SG IRRIGADO,2020,VI 14194,E7,G22,2,4760
SG IRRIGADO,2020,VI 14194,E7,G22,3,4520
SG IRRIGADO,2020,VI 14197,E7,G23,1,4650.33130493577
SG IRRIGADO,2020,VI 14197,E7,G23,2,5073.45503718729
SG IRRIGADO,2020,VI 14197,E7,G23,3,4424.66531440162
SG IRRIGADO,2020,VI 14204,E7,G24,1,4700
SG IRRIGADO,2020,VI 14204,E7,G24,2,4570
SG IRRIGADO,2020,VI 14204,E7,G24,3,4210
SG IRRIGADO,2020,VI 14208,E7,G25,1,4090
SG IRRIGADO,2020,VI 14208,E7,G25,2,4090
SG IRRIGADO,2020,VI 14208,E7,G25,3,5210
SG IRRIGADO,2020,VI 14214,E7,G26,1,4348.92945684021
SG IRRIGADO,2020,VI 14214,E7,G26,2,4752.35519495154
SG IRRIGADO,2020,VI 14214,E7,G26,3,4901.62271805274
SG IRRIGADO,2020,VI 14239,E7,G27,1,3720
SG IRRIGADO,2020,VI 14239,E7,G27,2,3810
SG IRRIGADO,2020,VI 14239,E7,G27,3,3640
SG IRRIGADO,2020,VI 14327,E7,G28,1,4720
SG IRRIGADO,2020,VI 14327,E7,G28,2,3830
SG IRRIGADO,2020,VI 14327,E7,G28,3,4500
SG IRRIGADO,2020,VI 14426,E7,G29,1,4720
SG IRRIGADO,2020,VI 14426,E7,G29,2,3830
SG IRRIGADO,2020,VI 14426,E7,G29,3,4500
SG IRRIGADO,2020,VI 14668,E7,G30,1,3760
SG IRRIGADO,2020,VI 14668,E7,G30,2,3870
SG IRRIGADO,2020,VI 14668,E7,G30,3,4530
SG IRRIGADO,2020,VI 14708,E7,G31,1,5320
SG IRRIGADO,2020,VI 14708,E7,G31,2,3110
SG IRRIGADO,2020,VI 14708,E7,G31,3,4620
SG IRRIGADO,2020,VI 14774,E7,G32,1,4220
SG IRRIGADO,2020,VI 14774,E7,G32,2,4450
SG IRRIGADO,2020,VI 14774,E7,G32,3,4420
SG IRRIGADO,2020,VI 14867,E7,G33,1,4728.53729997746
SG IRRIGADO,2020,VI 14867,E7,G33,2,4484.58868604913
SG IRRIGADO,2020,VI 14867,E7,G33,3,4114.5999549245
SG IRRIGADO,2020,VI 14881,E7,G34,1,3920
SG IRRIGADO,2020,VI 14881,E7,G34,2,3460
SG IRRIGADO,2020,VI 14881,E7,G34,3,3630
SG IRRIGADO,2020,VI 14950,E7,G35,1,3460
SG IRRIGADO,2020,VI 14950,E7,G35,2,3350
SG IRRIGADO,2020,VI 14950,E7,G35,3,3680
SG IRRIGADO,2020,VI 14980,E7,G36,1,4540.53639846744
SG IRRIGADO,2020,VI 14980,E7,G36,2,4296.85823754789
SG IRRIGADO,2020,VI 14980,E7,G36,3,5015.70881226054
SETE LAGOAS,2020,BRS 264,E8,G1,1,3100
SETE LAGOAS,2020,BRS 264,E8,G1,2,2133.33333333333
SETE LAGOAS,2020,BRS 264,E8,G1,3,3566.66666666667
SETE LAGOAS,2020,CD 151,E8,G2,1,3383.33333333333
SETE LAGOAS,2020,CD 151,E8,G2,2,1000
SETE LAGOAS,2020,CD 151,E8,G2,3,2416.66666666667
SETE LAGOAS,2020,ORS 1403,E8,G3,1,750
SETE LAGOAS,2020,ORS 1403,E8,G3,2,2266.66666666667
SETE LAGOAS,2020,ORS 1403,E8,G3,3,2333.33333333333
SETE LAGOAS,2020,TBIO ATON,E8,G4,1,2733.33333333333
SETE LAGOAS,2020,TBIO ATON,E8,G4,2,5750
SETE LAGOAS,2020,TBIO ATON,E8,G4,3,1766.66666666667
SETE LAGOAS,2020,TBIO DUQUE,E8,G5,1,2000
SETE LAGOAS,2020,TBIO DUQUE,E8,G5,2,1916.66666666667
SETE LAGOAS,2020,TBIO DUQUE,E8,G5,3,2116.66666666667
SETE LAGOAS,2020,VI 09004,E8,G6,1,5583.33333333333
SETE LAGOAS,2020,VI 09004,E8,G6,2,4666.66666666667
SETE LAGOAS,2020,VI 09004,E8,G6,3,4216.66666666667
SETE LAGOAS,2020,VI 09007,E8,G7,1,4416.66666666667
SETE LAGOAS,2020,VI 09007,E8,G7,2,1933.33333333333
SETE LAGOAS,2020,VI 09007,E8,G7,3,1733.33333333333
SETE LAGOAS,2020,VI 09031,E8,G8,1,3550
SETE LAGOAS,2020,VI 09031,E8,G8,2,1500
SETE LAGOAS,2020,VI 09031,E8,G8,3,3483.33333333333
SETE LAGOAS,2020,VI 09037,E8,G9,1,4550
SETE LAGOAS,2020,VI 09037,E8,G9,2,3000
SETE LAGOAS,2020,VI 09037,E8,G9,3,1750
SETE LAGOAS,2020,VI 130679,E8,G10,1,3366.66666666667
SETE LAGOAS,2020,VI 130679,E8,G10,2,1300
SETE LAGOAS,2020,VI 130679,E8,G10,3,2550
SETE LAGOAS,2020,VI 130755,E8,G11,1,3816.66666666667
SETE LAGOAS,2020,VI 130755,E8,G11,2,1983.33333333333
SETE LAGOAS,2020,VI 130755,E8,G11,3,3000
SETE LAGOAS,2020,VI 130758,E8,G12,1,5133.33333333333
SETE LAGOAS,2020,VI 130758,E8,G12,2,1533.33333333333
SETE LAGOAS,2020,VI 130758,E8,G12,3,2016.66666666667
SETE LAGOAS,2020,VI 131313,E8,G13,1,6750
SETE LAGOAS,2020,VI 131313,E8,G13,2,2566.66666666667
SETE LAGOAS,2020,VI 131313,E8,G13,3,3133.33333333333
SETE LAGOAS,2020,VI 14001,E8,G14,1,4000
SETE LAGOAS,2020,VI 14001,E8,G14,2,2366.66666666667
SETE LAGOAS,2020,VI 14001,E8,G14,3,3916.66666666667
SETE LAGOAS,2020,VI 14022,E8,G15,1,3000
SETE LAGOAS,2020,VI 14022,E8,G15,2,1800
SETE LAGOAS,2020,VI 14022,E8,G15,3,3050
SETE LAGOAS,2020,VI 14026,E8,G16,1,3450
SETE LAGOAS,2020,VI 14026,E8,G16,2,3666.66666666667
SETE LAGOAS,2020,VI 14026,E8,G16,3,4033.33333333333
SETE LAGOAS,2020,VI 14050,E8,G17,1,2016.66666666667
SETE LAGOAS,2020,VI 14050,E8,G17,2,3600
SETE LAGOAS,2020,VI 14050,E8,G17,3,1883.33333333333
SETE LAGOAS,2020,VI 14055,E8,G18,1,3733.33333333333
SETE LAGOAS,2020,VI 14055,E8,G18,2,4333.33333333333
SETE LAGOAS,2020,VI 14055,E8,G18,3,4750
SETE LAGOAS,2020,VI 14088,E8,G19,1,5133.33333333333
SETE LAGOAS,2020,VI 14088,E8,G19,2,1866.66666666667
SETE LAGOAS,2020,VI 14088,E8,G19,3,3516.66666666667
SETE LAGOAS,2020,VI 14118,E8,G20,1,2483.33333333333
SETE LAGOAS,2020,VI 14118,E8,G20,2,2850
SETE LAGOAS,2020,VI 14118,E8,G20,3,4450
SETE LAGOAS,2020,VI 14127,E8,G21,1,3333.33333333333
SETE LAGOAS,2020,VI 14127,E8,G21,2,3300
SETE LAGOAS,2020,VI 14127,E8,G21,3,3683.33333333333
SETE LAGOAS,2020,VI 14194,E8,G22,1,1000
SETE LAGOAS,2020,VI 14194,E8,G22,2,4033.33333333333
SETE LAGOAS,2020,VI 14194,E8,G22,3,2483.33333333333
SETE LAGOAS,2020,VI 14197,E8,G23,1,1416.66666666667
SETE LAGOAS,2020,VI 14197,E8,G23,2,4700
SETE LAGOAS,2020,VI 14197,E8,G23,3,4350
SETE LAGOAS,2020,VI 14204,E8,G24,1,983.333333333333
SETE LAGOAS,2020,VI 14204,E8,G24,2,2066.66666666667
SETE LAGOAS,2020,VI 14204,E8,G24,3,3150
SETE LAGOAS,2020,VI 14208,E8,G25,1,1200
SETE LAGOAS,2020,VI 14208,E8,G25,2,1333.33333333333
SETE LAGOAS,2020,VI 14208,E8,G25,3,1983.33333333333
SETE LAGOAS,2020,VI 14214,E8,G26,1,2400
SETE LAGOAS,2020,VI 14214,E8,G26,2,2000
SETE LAGOAS,2020,VI 14214,E8,G26,3,2633.33333333333
SETE LAGOAS,2020,VI 14239,E8,G27,1,1900
SETE LAGOAS,2020,VI 14239,E8,G27,2,2016.66666666667
SETE LAGOAS,2020,VI 14239,E8,G27,3,3450
SETE LAGOAS,2020,VI 14327,E8,G28,1,3000
SETE LAGOAS,2020,VI 14327,E8,G28,2,2583.33333333333
SETE LAGOAS,2020,VI 14327,E8,G28,3,3516.66666666667
SETE LAGOAS,2020,VI 14426,E8,G29,1,2700
SETE LAGOAS,2020,VI 14426,E8,G29,2,3200
SETE LAGOAS,2020,VI 14426,E8,G29,3,2166.66666666667
SETE LAGOAS,2020,VI 14668,E8,G30,1,3450
SETE LAGOAS,2020,VI 14668,E8,G30,2,4433.33333333333
SETE LAGOAS,2020,VI 14668,E8,G30,3,3716.66666666667
SETE LAGOAS,2020,VI 14708,E8,G31,1,2633.33333333333
SETE LAGOAS,2020,VI 14708,E8,G31,2,2700
SETE LAGOAS,2020,VI 14708,E8,G31,3,3950
SETE LAGOAS,2020,VI 14774,E8,G32,1,6166.66666666667
SETE LAGOAS,2020,VI 14774,E8,G32,2,4333.33333333333
SETE LAGOAS,2020,VI 14774,E8,G32,3,2550
SETE LAGOAS,2020,VI 14867,E8,G33,1,6166.66666666667
SETE LAGOAS,2020,VI 14867,E8,G33,2,3666.66666666667
SETE LAGOAS,2020,VI 14867,E8,G33,3,1983.33333333333
SETE LAGOAS,2020,VI 14881,E8,G34,1,1500
SETE LAGOAS,2020,VI 14881,E8,G34,2,2783.33333333333
SETE LAGOAS,2020,VI 14881,E8,G34,3,3083.33333333333
SETE LAGOAS,2020,VI 14950,E8,G35,1,2100
SETE LAGOAS,2020,VI 14950,E8,G35,2,5900
SETE LAGOAS,2020,VI 14950,E8,G35,3,3450
SETE LAGOAS,2020,VI 14980,E8,G36,1,6383.33333333333
SETE LAGOAS,2020,VI 14980,E8,G36,2,4833.33333333333
SETE LAGOAS,2020,VI 14980,E8,G36,3,3300
